{"alpha": 0.1, "series": {"seasonal_naive": {"actual": [76.54162328056742, 73.84100092750485, 76.2493213363488, 81.21933590689936, 84.09681141624401, 86.27353968689641, 90.22255500535418, 93.4296540566348, 96.05902423553623, 96.6018469246528, 95.39361642011941, 96.79528426967966, 95.9650219473537, 99.99311458607784, 91.91651158522282, 91.79086722342723, 87.28730049561003, 86.348957501956, 84.31024085884256, 84.4715445366666, 81.54115250529073, 79.86097369381558, 77.78105188442511, 78.79735311631312], "forecast": [74.28175680889821, 77.25530408508776, 78.95566255281081, 79.56382157463797, 81.1301107460054, 84.14414456725824, 88.12348476256828, 88.43593033707569, 88.94629742788986, 90.68530437340553, 90.93963684257658, 95.06324820462245, 90.46390781598963, 91.70570382180065, 90.82848348594015, 86.52326825595198, 87.0353761003686, 83.38259316478397, 84.86865481742686, 81.5668041647308, 81.52442262498816, 77.96102036543022, 78.52736511750894, 76.20198890359724], "lo": [69.58703126866689, 72.56057854485644, 74.26093701257949, 74.86909603440665, 76.43538520577408, 79.44941902702692, 83.42875922233696, 83.74120479684437, 84.25157188765854, 85.99057883317421, 86.24491130234526, 90.36852266439114, 85.76918227575831, 87.01097828156934, 86.13375794570884, 81.82854271572066, 82.34065056013728, 78.68786762455265, 80.17392927719554, 76.87207862449948, 76.82969708475684, 73.2662948251989, 73.83263957727762, 71.50726336336592], "hi": [78.97648234912953, 81.95002962531908, 83.65038809304212, 84.25854711486929, 85.82483628623672, 88.83887010748956, 92.8182103027996, 93.130655877307, 93.64102296812118, 95.38002991363685, 95.6343623828079, 99.75797374485377, 95.15863335622095, 96.40042936203197, 95.52320902617147, 91.2179937961833, 91.73010164059991, 88.07731870501529, 89.56338035765818, 86.26152970496211, 86.21914816521948, 82.65574590566153, 83.22209065774025, 80.89671444382856]}, "arima": {"actual": [76.54162328056742, 73.84100092750485, 76.2493213363488, 81.21933590689936, 84.09681141624401, 86.27353968689641, 90.22255500535418, 93.4296540566348, 96.05902423553623, 96.6018469246528, 95.39361642011941, 96.79528426967966, 95.9650219473537, 99.99311458607784, 91.91651158522282, 91.79086722342723, 87.28730049561003, 86.348957501956, 84.31024085884256, 84.4715445366666, 81.54115250529073, 79.86097369381558, 77.78105188442511, 78.79735311631312], "forecast": [76.03118671956453, 77.50391831568692, 79.05888412385515, 80.71818595736444, 82.9304078817854, 85.4664527446167, 87.69894193203388, 89.58783901805371, 91.605768984479, 92.50111110540176, 93.47163315026164, 94.17830278679044, 93.42801140761986, 92.39034798687244, 91.59273970815828, 89.33945050692694, 87.36391930487518, 85.31232224968738, 83.53535011179642, 81.04533668582296, 79.57587511490817, 77.89237831380471, 76.57976039379163, 76.57265352935845], "lo": [73.23547164672699, 74.31582856786525, 75.57767447047345, 77.04554665717271, 79.09094110895761, 81.47931901540194, 83.57304381730744, 85.32996890839945, 87.22073022347672, 87.9929460233266, 88.84380321494793, 89.4339203264171, 88.56991314155488, 87.42115571048943, 86.51489243075515, 84.15522934407893, 82.07546544990183, 79.92165168343547, 78.04436574073452, 75.45583874008614, 73.88957015246913, 72.11088711780828, 70.70462494618259, 70.6053432065112], "hi": [78.82690179240207, 80.69200806350858, 82.54009377723685, 84.39082525755617, 86.76987465461319, 89.45358647383146, 91.82484004676031, 93.84570912770798, 95.99080774548128, 97.00927618747693, 98.09946308557535, 98.92268524716378, 98.28610967368485, 97.35954026325545, 96.6705869855614, 94.52367166977494, 92.65237315984854, 90.7029928159393, 89.02633448285832, 86.63483463155978, 85.26218007734721, 83.67386950980115, 82.45489584140067, 82.5399638522057]}, "prophet": {"actual": [76.54162328056742, 73.84100092750485, 76.2493213363488, 81.21933590689936, 84.09681141624401, 86.27353968689641, 90.22255500535418, 93.4296540566348, 96.05902423553623, 96.6018469246528, 95.39361642011941, 96.79528426967966, 95.9650219473537, 99.99311458607784, 91.91651158522282, 91.79086722342723, 87.28730049561003, 86.348957501956, 84.31024085884256, 84.4715445366666, 81.54115250529073, 79.86097369381558, 77.78105188442511, 78.79735311631312], "forecast": [77.12246140677323, 78.20916076157285, 79.85279010937167, 81.99218709452276, 84.50845958381785, 87.22873156156645, 89.94946848710137, 92.4656502892828, 94.59203761971608, 96.17374850415601, 97.0935309663787, 97.28278147328665, 96.73419916537652, 95.50661721741051, 93.7153325416491, 91.51164342956096, 89.06273768937034, 86.54000185781389, 84.1136011982184, 81.94465077478284, 80.17050037491882, 78.88926314512214, 78.15512989108875, 77.98924077733331], "lo": [73.5822908870755, 74.5124553315122, 75.81839462984267, 78.27759982477201, 80.82430682068903, 83.33672217270534, 86.27410556270847, 88.9875054939128, 90.65052955275902, 92.5083267959478, 93.61612806777235, 93.3763469770735, 93.05885965101038, 91.88179257675084, 89.85222989814292, 87.753789282523, 85.46339592721641, 82.95919906844094, 80.46819408887995, 78.27676748751396, 76.61037710298581, 75.31915707607705, 74.45043677205081, 74.37868244688754], "hi": [80.69198510010504, 81.89479640227097, 83.41293597234073, 85.66444673448872, 87.95872087586851, 90.74320617079177, 93.38917437533001, 96.03371745278098, 98.16642952548129, 99.92592683991067, 100.54961584291271, 100.78977014766215, 100.25439683158281, 99.35323581363043, 97.32341951784296, 95.10437638342252, 92.5293651409319, 90.2100034196181, 87.774064597921, 85.38524407544129, 83.9358397887989, 82.61027702391742, 81.974624891238, 81.62212153889973]}, "lightgbm": {"actual": [76.54162328056742, 73.84100092750485, 76.2493213363488, 81.21933590689936, 84.09681141624401, 86.27353968689641, 90.22255500535418, 93.4296540566348, 96.05902423553623, 96.6018469246528, 95.39361642011941, 96.79528426967966, 95.9650219473537, 99.99311458607784, 91.91651158522282, 91.79086722342723, 87.28730049561003, 86.348957501956, 84.31024085884256, 84.4715445366666, 81.54115250529073, 79.86097369381558, 77.78105188442511, 78.79735311631312], "forecast": [74.67389115393102, 75.19413783863246, 76.3813734034293, 76.91169190317041, 77.15886820201, 78.66186520975504, 79.73037800240738, 80.85927522986664, 82.21412186285575, 83.47491176427602, 83.41886936727678, 83.64102315575232, 83.74883168617231, 86.07160722114939, 85.63910518856775, 85.72215539794465, 85.34616284910591, 84.5677704436534, 83.44777038920783, 81.51888768180461, 79.71630040720113, 78.66116364382246, 78.04119956987878, 76.9460591228271], "lo": [73.50381646671285, 74.0553620505713, 74.62744705091815, 75.31871530551251, 75.8641747303701, 76.42873420986163, 78.36461726223537, 78.5204064241582, 79.79889037600819, 81.05331490138998, 80.95872703062032, 81.66446582664707, 81.72979533989025, 81.7119690655239, 82.38262985614139, 82.17671108070353, 81.87418708215138, 81.43186696900167, 81.35942914701747, 80.4303259487913, 78.63250463830971, 77.11798095649698, 77.0649524856117, 74.39611750527902], "hi": [77.45385533548458, 78.61849926869026, 79.06899173054272, 79.93197294823686, 80.99167257422353, 82.63686877546758, 84.66861417602578, 85.22969158557108, 85.56411591837934, 85.89735819735166, 86.01588532439023, 86.19713921007887, 85.9559859391705, 88.50627057552241, 87.03630199568506, 86.8430005248897, 86.76358790275386, 85.71459538239678, 84.99384167581141, 83.7163036827887, 82.60036999614243, 79.81833940175262, 79.83287989195112, 78.1699685098323]}, "nbeats": {"actual": [76.54162328056742, 73.84100092750485, 76.2493213363488, 81.21933590689936, 84.09681141624401, 86.27353968689641, 90.22255500535418, 93.4296540566348, 96.05902423553623, 96.6018469246528, 95.39361642011941, 96.79528426967966, 95.9650219473537, 99.99311458607784, 91.91651158522282, 91.79086722342723, 87.28730049561003, 86.348957501956, 84.31024085884256, 84.4715445366666, 81.54115250529073, 79.86097369381558, 77.78105188442511, 78.79735311631312],