model,MAE,RMSE,sMAPE,MASE,coverage,PI_width,Winkler,NV_cost(3:1),CRPS,energy,skill_vs_naive_%,DM_p_vs_naive,sig
nbeats,1.747081867385613,2.21128410380466,2.103690016590156,0.7745357390883362,0.3802083333333333,2.020859718322754,20.83235643122157,3.4718546824918346,1.6501144538525123,25.85875860530348,27.33041642011882,4.098287109677301e-07,***
prophet,1.7974730031858577,2.2312021549657293,2.1765034392501774,0.7968756971287391,0.90625,7.544566976786616,9.439242479038022,3.3490612730099087,,,25.23440539563214,1.8791738127355018e-05,***
arima,1.875872869385392,2.3672724769831994,2.269011868576677,0.8316327966355592,0.9635416666666666,9.465948738988539,10.121285306640866,4.160758585817106,,,21.973375826385823,6.355775512201234e-05,***
seasonal_naive,2.4041445971204087,2.9772127063166822,2.928802424901039,1.065832086731221,0.8854166666666666,9.447737296891052,11.883127148196088,6.113742996651886,,,0.0,,—
lightgbm,4.814546321938528,5.855170949582154,5.843895762866647,2.134438152814176,0.22395833333333334,4.470194413634038,57.02092369942812,13.98348726793038,,,-100.26026419979917,0.0,***
