model,nominal,empirical,mean_width
seasonal_naive,0.9,0.8854166666666666,9.447737296891052
arima,0.9,0.9635416666666666,9.465948738988539
prophet,0.9,0.90625,7.544566976786616
lightgbm,0.9,0.22395833333333334,4.470194413634038
nbeats,0.9,0.3802083333333333,2.020859718322754
