model,nominal,empirical,mean_width
seasonal_naive,0.9,0.8854166666666666,9.447737296891052
arima,0.9,0.9635416666666666,9.47146000585697
prophet,0.9,0.90625,7.5447557275474635
lightgbm,0.9,0.203125,4.293695964714872
nbeats,0.9,0.34375,1.9631710052490234
