{
  "newsvendor_order": [
    75.8339456475292,
    78.80749292371875,
    80.5078513914418,
    81.11601041326897,
    82.6822995846364,
    85.69633340588923,
    89.67567360119928,
    89.98811917570669,
    94.48891191472612,
    92.23749321203653,
    92.49182568120757,
    96.61543704325345,
    92.01609665462063,
    93.25789266043165,
    92.38067232457115,
    88.07545709458297,
    88.58756493899959,
    84.93478200341497,
    86.42084365605785,
    83.1189930033618,
    83.07661146361916,
    79.51320920406121,
    80.07955395613993,
    77.75417774222824
  ],
  "safety_stock": 484.60277174540323,
  "dispatch_triggered_steps": [
    0,
    0,
    0,
    0,
    0,
    0,
    1,
    1,
    1,
    1,
    1,
    1,
    1,
    1,
    1,
    0,
    0,
    0,
    0,
    0,
    0,
    0,
    0,
    0
  ],
  "dispatch_expected_overage": [
    0.0,
    0.0,
    0.0,
    0.0,
    0.0,
    0.0,
    0.0,
    0.0,
    2.93672307609512,
    0.6853043734055291,
    0.9396368425765758,
    5.063248204622454,
    0.4639078159896286,
    1.705703821800654,
    0.8284834859401542,
    0.0,
    0.0,
    0.0,
    0.0,
    0.0,
    0.0,
    0.0,
    0.0,
    0.0
  ]
}