model,MAE,RMSE,sMAPE,MASE,coverage,PI_width,Winkler,NV_cost(3:1),CRPS,energy,QLoss,skill_vs_naive_%,DM_p_vs_naive,sig
nbeats,1.7509159080665821,2.2354274402410517,2.107692301959154,0.7905481439653493,0.34375,1.9711619615554803,21.075926068633457,3.5187890322660444,1.6533143765427025,26.219624699481926,,27.17094012715536,2.3232319690258407e-07,***
tft,1.7582436373030574,2.2773263302039646,2.1394585773046013,0.7938566539404359,0.8489583333333334,6.501552581787109,9.842051733471303,4.212877280223655,,,0.5212558346786509,26.86614443203569,9.826625357867158e-08,***
prophet,1.7974427583406583,2.2310515105714437,2.176429729040754,0.811555272268467,0.9114583333333334,7.544362316296819,9.438923754523511,3.3502186871840203,,,,25.235663425005082,1.8552115614411946e-05,***
arima,1.8845375704423837,2.3743570286327476,2.2797289089397834,0.8508790580304338,0.9635416666666666,9.45765097207029,10.118088658046423,4.195857155400284,,,,21.612969007787243,8.004590583898796e-05,***
seasonal_naive,2.404144597120409,2.9772127063166822,2.928802424901039,1.0854844829050396,0.8854166666666666,9.447737296891052,11.88312714819609,6.113742996651887,,,,0.0,,—
deepar,2.9849193761187323,3.723294274601574,3.662006447380735,1.3477074837263623,0.7239583333333334,8.405559157331782,16.634045621843867,8.159185316718327,2.892642589874973,37.30119137081578,,-24.157231627995767,0.0005182481664580685,***
lightgbm,3.618090041496767,4.498380248307116,4.373724553345537,1.6335875148699688,0.515625,7.788367461632146,29.49098519818995,9.730668140805967,,,,-50.493861551854,2.991207281866082e-10,***
