{
  "newsvendor_order": [
    75.83394564752919,
    78.80749292371874,
    80.50785139144179,
    81.11601041326895,
    82.68229958463638,
    85.69633340588922,
    89.67567360119926,
    89.98811917570667,
    94.48891191471826,
    92.23749321203651,
    92.49182568120756,
    96.61543704325344,
    92.01609665462061,
    93.25789266043164,
    92.38067232457114,
    88.07545709458296,
    88.58756493899958,
    84.93478200341495,
    86.42084365605784,
    83.11899300336178,
    83.07661146361914,
    79.5132092040612,
    80.07955395613992,
    77.75417774222822
  ],
  "safety_stock": 484.6027717454032,
  "dispatch_triggered_steps": [
    0,
    0,
    0,
    0,
    0,
    0,
    1,
    1,
    1,
    1,
    1,
    1,
    1,
    1,
    1,
    0,
    0,
    0,
    0,
    0,
    0,
    0,
    0,
    0
  ],
  "dispatch_expected_overage": [
    0.0,
    0.0,
    0.0,
    0.0,
    0.0,
    0.0,
    0.0,
    0.0,
    2.936723076087276,
    0.6853043734055291,
    0.9396368425765758,
    5.063248204622454,
    0.4639078159896286,
    1.705703821800654,
    0.8284834859401542,
    0.0,
    0.0,
    0.0,
    0.0,
    0.0,
    0.0,
    0.0,
    0.0,
    0.0
  ]
}