{"alpha": 0.1, "series": {"seasonal_naive": {"actual": [76.54162328056742, 80.3769147273825, 76.2493213363488, 81.21933590689936, 84.09681141624401, 86.27353968689641, 90.22255500535418, 93.4296540566348, 96.05902423553623, 96.6018469246528, 95.39361642011941, 96.79528426967966, 95.9650219473537, 99.99311458607784, 91.91651158522282, 91.79086722342723, 87.28730049561003, 86.348957501956, 84.31024085884256, 84.4715445366666, 81.54115250529073, 79.86097369381558, 77.78105188442511, 78.79735311631312], "forecast": [74.28175680889821, 77.25530408508776, 78.95566255281081, 79.56382157463797, 81.1301107460054, 84.14414456725824, 88.12348476256828, 88.43593033707569, 92.93672307609512, 90.68530437340553, 90.93963684257658, 95.06324820462245, 90.46390781598963, 91.70570382180065, 90.82848348594015, 86.52326825595198, 87.0353761003686, 83.38259316478397, 84.86865481742686, 81.5668041647308, 81.52442262498816, 77.96102036543022, 78.52736511750894, 76.20198890359724], "lo": [70.49649033124817, 73.47003760743772, 75.17039607516077, 75.77855509698793, 77.34484426835536, 80.3588780896082, 84.33821828491824, 84.65066385942565, 89.15145659844508, 86.90003789575549, 87.15437036492654, 91.27798172697241, 86.67864133833959, 87.92043734415061, 87.04321700829011, 82.73800177830194, 83.25010962271855, 79.59732668713393, 81.08338833977682, 77.78153768708076, 77.73915614733812, 74.17575388778017, 74.7420986398589, 72.4167224259472], "hi": [78.06702328654825, 81.0405705627378, 82.74092903046085, 83.34908805228801, 84.91537722365544, 87.92941104490828, 91.90875124021832, 92.22119681472573, 96.72198955374516, 94.47057085105557, 94.72490332022662, 98.8485146822725, 94.24917429363967, 95.4909702994507, 94.6137499635902, 90.30853473360202, 90.82064257801864, 87.16785964243401, 88.6539212950769, 85.35207064238084, 85.3096891026382, 81.74628684308026, 82.31263159515898, 79.98725538124728]}, "croston": {"actual": [76.54162328056742, 80.3769147273825, 76.2493213363488, 81.21933590689936, 84.09681141624401, 86.27353968689641, 90.22255500535418, 93.4296540566348, 96.05902423553623, 96.6018469246528, 95.39361642011941, 96.79528426967966, 95.9650219473537, 99.99311458607784, 91.91651158522282, 91.79086722342723, 87.28730049561003, 86.348957501956, 84.31024085884256, 84.4715445366666, 81.54115250529073, 79.86097369381558, 77.78105188442511, 78.79735311631312], "forecast": [79.6866301290711, 79.6866301290711, 79.6866301290711, 79.6866301290711, 79.6866301290711, 79.6866301290711, 79.6866301290711, 79.6866301290711, 79.6866301290711, 79.6866301290711, 79.6866301290711, 79.6866301290711, 79.6866301290711, 79.6866301290711, 79.6866301290711, 79.6866301290711, 79.6866301290711, 79.6866301290711, 79.6866301290711, 79.6866301290711, 79.6866301290711, 79.6866301290711, 79.6866301290711, 79.6866301290711], "lo": [64.52000071612348, 58.23777711779388, 53.41725740627729, 49.353371303175855, 45.773015772172485, 42.53612694946225, 39.55950047533414, 36.78892410651665, 34.186741890228234, 31.72553675645417, 29.38461103195565, 27.14788468348347, 25.002570104728143, 22.9382991536527, 20.94652699462538, 19.020112477280605, 17.153015074888472, 15.340071095239438, 13.576825203900796, 11.859401415273865, 10.184402806894965, 8.548832507179995, 6.9500306880550085, 5.385623769853396], "hi": [94.85325954201873, 101.13548314034833, 105.95600285186492, 110.01988895496635, 113.60024448596972, 116.83713330867997, 119.81375978280806, 122.58433615162556, 125.18651836791398, 127.64772350168803, 129.98864922618657, 132.22537557465876, 134.37069015341407, 136.4349611044895, 138.42673326351684, 140.3531477808616, 142.22024518325372, 144.03318916290277, 145.7964350542414, 147.51385884286833, 149.18885745124726, 150.82442775096223, 152.4232295700872, 153.9876364882888]}, "tsb": {"actual": [76.54162328056742, 80.3769147273825, 76.2493213363488, 81.21933590689936, 84.09681141624401, 86.27353968689641, 90.22255500535418, 93.4296540566348, 96.05902423553623, 96.6018469246528, 95.39361642011941, 96.79528426967966, 95.9650219473537, 99.99311458607784, 91.91651158522282, 91.79086722342723, 87.28730049561003, 86.348957501956, 84.31024085884256, 84.4715445366666, 81.54115250529073, 79.86097369381558, 77.78105188442511, 78.79735311631312], "forecast": [83.88066329375906, 83.88066329375906, 83.88066329375906, 83.88066329375906, 83.88066329375906, 83.88066329375906, 83.88066329375906, 83.88066329375906, 83.88066329375906, 83.88066329375906, 83.88066329375906, 83.88066329375906, 83.88066329375906, 83.88066329375906, 83.88066329375906, 83.88066329375906, 83.88066329375906, 83.88066329375906, 83.88066329375906, 83.88066329375906, 83.88066329375906, 83.88066329375906, 83.88066329375906, 83.88066329375906], "lo": [68.71403388081143, 62.431810282481834, 57.61129057096524, 53.54740446786381, 49.96704893686044, 46.7301601141502, 43.75353364002209, 40.982957271204604, 38.380775054916185, 35.91956992114212, 33.5786441966436, 31.34191784817142, 29.196603269416094, 27.13233231834065, 25.14056015931333, 23.214145641968557, 21.347048239576424, 19.53410425992739, 17.770858368588748, 16.053434579961817, 14.378435971582917, 12.742865671867946, 11.14406385274296, 9.579656934541347], "hi": [99.04729270670668, 105.32951630503628, 110.15003601655287, 114.21392211965431, 117.79427765065768, 121.0311664733679, 124.00779294749603, 126.7783693163135, 129.38055153260194, 131.841756666376, 134.1826823908745, 136.4194087393467, 138.564723318102, 140.62899426917747, 142.62076642820477, 144.54718094554954, 146.4142783479417, 148.2272223275907, 149.99046821892938, 151.7078920075563, 153.3828906159352, 155.01846091565017, 156.61726273477515, 158.18166965297678]}, "adida": {"actual": [76.54162328056742, 80.3769147273825, 76.2493213363488, 81.21933590689936, 84.09681141624401, 86.27353968689641, 90.22255500535418, 93.4296540566348, 96.05902423553623, 96.6018469246528, 95.39361642011941, 96.79528426967966, 95.9650219473537, 99.99311458607784, 91.91651158522282, 91.79086722342723, 87.28730049561003, 86.348957501956, 84.31024085884256, 84.4715445366666, 81.54115250529073, 79.86097369381558, 77.78105188442511, 78.79735311631312], "forecast": [82.62903958403402, 82.62903958403402, 82.62903958403402, 82.62903958403402, 82.62903958403402, 82.62903958403402, 82.62903958403402, 82.62903958403402, 82.62903958403402, 82.62903958403402, 82.62903958403402, 82.62903958403402, 82.62903958403402, 82.62903958403402, 82.62903958403402, 82.62903958403402, 82.62903958403402, 82.62903958403402, 82.62903958403402, 82.62903958403402, 82.62903958403402, 82.62903958403402, 82.62903958403402, 82.62903958403402], "lo": [67.46241017108639, 61.180186572756796, 56.3596668612402, 52.29578075813877, 48.7154252271354, 45.478536404425164, 42.50190993029705, 39.731333561479566, 37.12915134519115, 34.66794621141708, 32.32702048691856, 30.09029413844638, 27.944979559691056, 25.880708608615613, 23.888936449588293, 21.96252193224352, 20.095424529851385, 18.28248055020235, 16.51923465886371, 14.801810870236778, 13.126812261857879, 11.491241962142908, 9.892440143017922, 8.32803322481631], "hi": [97.79566899698165, 104.07789259531124, 108.89841230682784, 112.96229840992928, 116.54265394093264, 119.77954276364287, 122.75616923777099, 125.52674560658846, 128.1289278228769, 130.59013295665096, 132.93105868114947, 135.16778502962165, 137.31309960837697, 139.37737055945243, 141.36914271847974, 143.2955572358245, 145.16265463821665, 146.97559861786567, 148.73884450920434, 150.45626829783126, 152.13126690621016, 153.76683720592513, 155.36563902505011, 156.93004594325174]},