{"alpha": 0.1, "series": {"seasonal_naive": {"actual": [76.54162328056742, 80.37691472736844, 76.2493213363488, 81.21933590689936, 84.09681141624401, 86.27353968689641, 90.22255500535418, 93.42965405663479, 96.05902423553623, 96.6018469246528, 95.39361642011941, 96.79528426967966, 95.9650219473537, 99.99311458607784, 91.91651158522282, 91.79086722342723, 87.28730049561003, 86.348957501956, 84.31024085884256, 84.4715445366666, 81.54115250529073, 79.86097369381558, 77.78105188442511, 78.79735311631312], "forecast": [74.28175680889821, 77.25530408508776, 78.95566255281081, 79.56382157463797, 81.1301107460054, 84.14414456725824, 88.12348476256828, 88.43593033707569, 92.93672307608728, 90.68530437340553, 90.93963684257658, 95.06324820462245, 90.46390781598963, 91.70570382180065, 90.82848348594015, 86.52326825595198, 87.0353761003686, 83.38259316478397, 84.86865481742686, 81.5668041647308, 81.52442262498816, 77.96102036543022, 78.52736511750894, 76.20198890359724], "lo": [70.49649033124818, 73.47003760743773, 75.17039607516078, 75.77855509698794, 77.34484426835537, 80.35887808960821, 84.33821828491826, 84.65066385942566, 89.15145659843725, 86.9000378957555, 87.15437036492655, 91.27798172697243, 86.6786413383396, 87.92043734415063, 87.04321700829013, 82.73800177830195, 83.25010962271857, 79.59732668713394, 81.08338833977683, 77.78153768708077, 77.73915614733814, 74.17575388778019, 74.74209863985891, 72.41672242594721], "hi": [78.06702328654823, 81.04057056273778, 82.74092903046083, 83.349088052288, 84.91537722365543, 87.92941104490826, 91.90875124021831, 92.22119681472572, 96.7219895537373, 94.47057085105556, 94.7249033202266, 98.84851468227248, 94.24917429363965, 95.49097029945068, 94.61374996359018, 90.308534733602, 90.82064257801862, 87.167859642434, 88.65392129507688, 85.35207064238082, 85.30968910263819, 81.74628684308024, 82.31263159515896, 79.98725538124727]}, "croston": {"actual": [76.54162328056742, 80.37691472736844, 76.2493213363488, 81.21933590689936, 84.09681141624401, 86.27353968689641, 90.22255500535418, 93.42965405663479, 96.05902423553623, 96.6018469246528, 95.39361642011941, 96.79528426967966, 95.9650219473537, 99.99311458607784, 91.91651158522282, 91.79086722342723, 87.28730049561003, 86.348957501956, 84.31024085884256, 84.4715445366666, 81.54115250529073, 79.86097369381558, 77.78105188442511, 78.79735311631312], "forecast": [79.6866301290711, 79.6866301290711, 79.6866301290711, 79.6866301290711, 79.6866301290711, 79.6866301290711, 79.6866301290711, 79.6866301290711, 79.6866301290711, 79.6866301290711, 79.6866301290711, 79.6866301290711, 79.6866301290711, 79.6866301290711, 79.6866301290711, 79.6866301290711, 79.6866301290711, 79.6866301290711, 79.6866301290711, 79.6866301290711, 79.6866301290711, 79.6866301290711, 79.6866301290711, 79.6866301290711], "lo": [64.52000071612349, 58.2377771177939, 53.41725740627731, 49.35337130317588, 45.77301577217251, 42.53612694946228, 39.559500475334175, 36.78892410651669, 34.18674189022827, 31.725536756454204, 29.384611031955693, 27.14788468348351, 25.002570104728186, 22.938299153652743, 20.94652699462543, 19.020112477280655, 17.15301507488853, 15.340071095239495, 13.576825203900839, 11.859401415273922, 10.184402806895022, 8.548832507180052, 6.950030688055065, 5.385623769853453], "hi": [94.85325954201872, 101.13548314034831, 105.9560028518649, 110.01988895496633, 113.6002444859697, 116.83713330867994, 119.81375978280803, 122.58433615162552, 125.18651836791395, 127.647723501688, 129.9886492261865, 132.2253755746587, 134.37069015341402, 136.43496110448947, 138.42673326351678, 140.35314778086155, 142.22024518325367, 144.03318916290272, 145.79643505424139, 147.51385884286827, 149.1888574512472, 150.82442775096217, 152.42322957008713, 153.98763648828876]}, "tsb": {"actual": [76.54162328056742, 80.37691472736844, 76.2493213363488, 81.21933590689936, 84.09681141624401, 86.27353968689641, 90.22255500535418, 93.42965405663479, 96.05902423553623, 96.6018469246528, 95.39361642011941, 96.79528426967966, 95.9650219473537, 99.99311458607784, 91.91651158522282, 91.79086722342723, 87.28730049561003, 86.348957501956, 84.31024085884256, 84.4715445366666, 81.54115250529073, 79.86097369381558, 77.78105188442511, 78.79735311631312], "forecast": [83.88066329375906, 83.88066329375906, 83.88066329375906, 83.88066329375906, 83.88066329375906, 83.88066329375906, 83.88066329375906, 83.88066329375906, 83.88066329375906, 83.88066329375906, 83.88066329375906, 83.88066329375906, 83.88066329375906, 83.88066329375906, 83.88066329375906, 83.88066329375906, 83.88066329375906, 83.88066329375906, 83.88066329375906, 83.88066329375906, 83.88066329375906, 83.88066329375906, 83.88066329375906, 83.88066329375906], "lo": [68.71403388081144, 62.43181028248185, 57.61129057096526, 53.54740446786383, 49.967048936860465, 46.73016011415023, 43.75353364002213, 40.98295727120464, 38.38077505491622, 35.919569921142156, 33.578644196643644, 31.341917848171462, 29.196603269416137, 27.132332318340694, 25.14056015931338, 23.214145641968607, 21.34704823957648, 19.534104259927446, 17.77085836858879, 16.053434579961873, 14.378435971582974, 12.742865671868003, 11.144063852743017, 9.579656934541404], "hi": [99.04729270670667, 105.32951630503626, 110.15003601655286, 114.21392211965428, 117.79427765065765, 121.03116647336788, 124.00779294749599, 126.77836931631347, 129.38055153260188, 131.84175666637594, 134.18268239087448, 136.41940873934664, 138.56472331810198, 140.6289942691774, 142.62076642820472, 144.5471809455495, 146.41427834794163, 148.22722232759065, 149.99046821892932, 151.70789200755624, 153.38289061593514, 155.0184609156501, 156.6172627347751, 158.18166965297672]}, "adida": {"actual": [76.54162328056742, 80.37691472736844, 76.2493213363488, 81.21933590689936, 84.09681141624401, 86.27353968689641, 90.22255500535418, 93.42965405663479, 96.05902423553623, 96.6018469246528, 95.39361642011941, 96.79528426967966, 95.9650219473537, 99.99311458607784, 91.91651158522282, 91.79086722342723, 87.28730049561003, 86.348957501956, 84.31024085884256, 84.4715445366666, 81.54115250529073, 79.86097369381558, 77.78105188442511, 78.79735311631312], "forecast": [82.62903958403402, 82.62903958403402, 82.62903958403402, 82.62903958403402, 82.62903958403402, 82.62903958403402, 82.62903958403402, 82.62903958403402, 82.62903958403402, 82.62903958403402, 82.62903958403402, 82.62903958403402, 82.62903958403402, 82.62903958403402, 82.62903958403402, 82.62903958403402, 82.62903958403402, 82.62903958403402, 82.62903958403402, 82.62903958403402, 82.62903958403402, 82.62903958403402, 82.62903958403402, 82.62903958403402], "lo": [67.4624101710864, 61.18018657275681, 56.35966686124022, 52.29578075813879, 48.71542522713543, 45.47853640442519, 42.50190993029709, 39.7313335614796, 37.12915134519118, 34.66794621141712, 32.327020486918606, 30.090294138446424, 27.9449795596911, 25.880708608615656, 23.888936449588343, 21.96252193224357, 20.095424529851442, 18.282480550202408, 16.519234658863752, 14.801810870236835, 13.126812261857935, 11.491241962142965, 9.892440143017978, 8.328033224816366], "hi": [97.79566899698163, 104.07789259531123, 108.89841230682782, 112.96229840992925, 116.54265394093261, 119.77954276364284, 122.75616923777095, 125.52674560658843, 128.12892782287685, 130.5901329566509, 132.93105868114944, 135.1677850296216, 137.31309960837694, 139.37737055945237, 141.36914271847968, 143.29555723582448, 145.1626546382166, 146.97559861786561, 148.73884450920428, 150.4562682978312, 152.1312669062101, 153.76683720592507, 155.36563902505006, 156.93004594325168]},