model,MAE,RMSE,sMAPE,MASE,coverage,PI_width,Winkler,NV_cost(3:1),skill_vs_naive_%,DM_p_vs_naive,sig
seasonal_naive,2.203024953106674,2.686916569458938,2.6999000833589903,1.1494976683731801,0.8489583333333334,7.538947928021194,10.949841963023873,5.745544926332112,0.0,,—
lightgbm,4.242164239410415,5.100167157714443,5.191172157360941,2.2134828274104597,0.3229166666666667,5.067535919628704,41.58107433694614,12.389926069417394,-92.56088014019885,0.0,***
tsb,6.061033514877525,7.158331085777425,7.384998285301723,3.1625351694080672,1.0,99.91839354685538,99.91839354685538,15.346987764769942,-175.12323481993892,0.0,***
adida,6.456881463445829,7.867554066531509,7.886537465026657,3.3690813064674323,1.0,99.91815011657371,99.91815011657371,17.508995346506882,-193.09161724838515,0.0,***
croston,7.778377896089019,9.622303445204356,9.59825370746756,4.058613699618345,1.0,99.90058247167356,99.90058247167356,22.743361404711283,-253.0771580739502,0.0,***
