model,MAE,RMSE,sMAPE,MASE,coverage,PI_width,Winkler,NV_cost(3:1),skill_vs_naive_%,DM_p_vs_naive,sig
seasonal_naive,2.2030249531065906,2.686916569458868,2.6999000833588878,1.1494976683731344,0.8489583333333334,7.538947928021184,10.949841963023905,5.745544926331871,0.0,,—
lightgbm,4.316570694118913,5.269789789910921,5.277764051758035,2.2523067390864084,0.3489583333333333,4.942696577079193,42.27561726636204,12.70563318092732,-95.938347771863,0.0,***
tsb,6.061033514877551,7.158331085777386,7.384998285301765,3.162535169408075,1.0,99.91839354685534,99.91839354685534,15.346987764769878,-175.12323481995057,0.0,***
adida,6.456881463445856,7.867554066531458,7.886537465026695,3.36908130646744,1.0,99.91815011657367,99.91815011657367,17.50899534650681,-193.09161724839745,0.0,***
croston,7.778377896088901,9.622303445204276,9.598253707467423,4.058613699618276,1.0,99.90058247167353,99.90058247167353,22.743361404710924,-253.07715807395823,0.0,***
