model,nominal,empirical,mean_width
seasonal_naive,0.9,0.8489583333333334,7.538947928021184
croston,0.9,1.0,99.90058247167353
tsb,0.9,1.0,99.91839354685534
adida,0.9,1.0,99.91815011657367
lightgbm,0.9,0.3489583333333333,4.942696577079193
