{"alpha": 0.1, "series": {"seasonal_naive": {"actual": [76.54162328056742, 73.84100092750485, 76.2493213363488, 81.21933590689936, 84.09681141624401, 86.27353968689641, 90.22255500535418, 93.42965405663479, 96.05902423553623, 96.6018469246528, 95.39361642011941, 96.79528426967966, 95.9650219473537, 99.99311458607784, 91.91651158522282, 91.79086722342723, 87.28730049561003, 86.348957501956, 84.31024085884256, 84.4715445366666, 81.54115250529073, 79.86097369381558, 77.78105188442511, 78.79735311631312], "forecast": [74.28175680889821, 77.25530408508776, 78.95566255281081, 79.56382157463797, 81.1301107460054, 84.14414456725824, 88.12348476256828, 88.43593033707569, 88.94629742788986, 90.68530437340553, 90.93963684257658, 95.06324820462245, 90.46390781598963, 91.70570382180065, 90.82848348594015, 86.52326825595198, 87.0353761003686, 83.38259316478397, 84.86865481742686, 81.5668041647308, 81.52442262498816, 77.96102036543022, 78.52736511750894, 76.20198890359724], "lo": [69.58703126866689, 72.56057854485644, 74.26093701257949, 74.86909603440665, 76.43538520577408, 79.44941902702692, 83.42875922233696, 83.74120479684437, 84.25157188765854, 85.99057883317421, 86.24491130234526, 90.36852266439114, 85.76918227575831, 87.01097828156934, 86.13375794570884, 81.82854271572066, 82.34065056013728, 78.68786762455265, 80.17392927719554, 76.87207862449948, 76.82969708475684, 73.2662948251989, 73.83263957727762, 71.50726336336592], "hi": [78.97648234912953, 81.95002962531908, 83.65038809304212, 84.25854711486929, 85.82483628623672, 88.83887010748956, 92.8182103027996, 93.130655877307, 93.64102296812118, 95.38002991363685, 95.6343623828079, 99.75797374485377, 95.15863335622095, 96.40042936203197, 95.52320902617147, 91.2179937961833, 91.73010164059991, 88.07731870501529, 89.56338035765818, 86.26152970496211, 86.21914816521948, 82.65574590566153, 83.22209065774025, 80.89671444382856]}, "arima": {"actual": [76.54162328056742, 73.84100092750485, 76.2493213363488, 81.21933590689936, 84.09681141624401, 86.27353968689641, 90.22255500535418, 93.42965405663479, 96.05902423553623, 96.6018469246528, 95.39361642011941, 96.79528426967966, 95.9650219473537, 99.99311458607784, 91.91651158522282, 91.79086722342723, 87.28730049561003, 86.348957501956, 84.31024085884256, 84.4715445366666, 81.54115250529073, 79.86097369381558, 77.78105188442511, 78.79735311631312], "forecast": [76.04496081561581, 77.50291578823283, 79.06274694349598, 80.72161107980044, 82.93298201342955, 85.46066504104473, 87.69099687099471, 89.58061265379196, 91.59921825890612, 92.50552064525527, 93.47352678657981, 94.16700082445396, 93.43323181397393, 92.39039982131953, 91.58396045365944, 89.33405878048212, 87.3562947500948, 85.30391819246046, 83.51648974302063, 81.03183505902858, 79.54600859427049, 77.87651207095067, 76.56878826431384, 76.56646060382789], "lo": [73.23813091035066, 74.30481968871862, 75.57015247692546, 77.03644992403927, 79.07871135734459, 81.45637500286384, 83.54537109158579, 85.30047267030034, 87.18939907644659, 87.9701455805977, 88.81613988563953, 89.39080139148129, 88.54113906967669, 87.38511350261264, 86.46799177495883, 84.10975566483994, 82.02586006783984, 79.86942495454113, 77.97989368285653, 75.3949854628954, 73.81065768966499, 72.0443232667629, 70.64134342530423, 70.54526651061894], "hi": [78.85179072088096, 80.70101188774703, 82.5553414100665, 84.4067722355616, 86.78725266951452, 89.46495507922563, 91.83662265040363, 93.86075263728358, 96.00903744136565, 97.04089570991285, 98.13091368752009, 98.94320025742664, 98.32532455827118, 97.39568614002643, 96.69992913236005, 94.55836189612431, 92.68672943234976, 90.73841143037978, 89.05308580318473, 86.66868465516175, 85.28135949887599, 83.70870087513843, 82.49623310332345, 82.58765469703684]}, "prophet": {"actual": [76.54162328056742, 73.84100092750485, 76.2493213363488, 81.21933590689936, 84.09681141624401, 86.27353968689641, 90.22255500535418, 93.42965405663479, 96.05902423553623, 96.6018469246528, 95.39361642011941, 96.79528426967966, 95.9650219473537, 99.99311458607784, 91.91651158522282, 91.79086722342723, 87.28730049561003, 86.348957501956, 84.31024085884256, 84.4715445366666, 81.54115250529073, 79.86097369381558, 77.78105188442511, 78.79735311631312], "forecast": [77.1299073325265, 78.21671531372466, 79.86037528628317, 81.99973555412106, 84.51595139764824, 87.23618802429093, 89.95691553200268, 92.47308866546942, 94.59944521483686, 96.18110626242559, 97.10084214422528, 97.29006455997816, 96.74146445156836, 95.51385405996344, 93.7225215886772, 91.51877987638383, 89.0698386323002, 86.54708759400305, 84.12066981832538, 81.95167604028934, 80.17746137756065, 78.89618052508868, 78.16207170697277, 77.99628566533434], "lo": [73.36485304754125, 74.38346465344465, 75.90290682323517, 78.43148336701759, 80.96109419578464, 83.48470344111284, 86.18968700509612, 88.98395225112446, 90.98026000174109, 92.65720731814454, 93.47225243654624, 93.79400283625363, 92.74934492990418, 91.65628323061941, 89.83017939353431, 87.89100767345604, 85.40092950048472, 83.07920274485785, 80.71277451416552, 78.33047814414755, 76.43919468325804, 75.37368460209728, 74.72340474425879, 74.30668962294992], "hi": [80.94301485686383, 82.10622909534369, 83.51253012708847, 85.77721123059044, 87.95070788122136, 90.67356910597167, 93.10885845439917, 95.8656289848076, 98.24052627486029, 99.75268098647733, 100.6909351439915, 100.9983610946816, 100.37958600849058, 99.37379144138633, 97.25794815513453, 95.02376108791344, 92.44770173403376, 90.10878778003135, 87.57510870696058, 85.49272541193193, 83.91962829461151, 82.84071707929508, 81.861093048466, 81.69769853756245]}, "lightgbm": {"actual": [76.54162328056742, 73.84100092750485, 76.2493213363488, 81.21933590689936, 84.09681141624401, 86.27353968689641, 90.22255500535418, 93.42965405663479, 96.05902423553623, 96.6018469246528, 95.39361642011941, 96.79528426967966, 95.9650219473537, 99.99311458607784, 91.91651158522282, 91.79086722342723, 87.28730049561003, 86.348957501956, 84.31024085884256, 84.4715445366666, 81.54115250529073, 79.86097369381558, 77.78105188442511, 78.79735311631312], "forecast": [74.56671078762375, 75.23513084092019, 76.08501071226064, 76.79825525727964, 77.50554573271916, 78.52385697032331, 79.57814419911433, 80.98010910054172, 81.70001980754283, 82.25665285027016, 83.04509951282625, 82.94694477525407, 83.25483808929869, 86.13640863317349, 85.081761881313, 85.08520303204557, 84.86786850498062, 83.03030519900665, 82.0192253204131, 80.2416140923453, 79.1353866947456, 78.43655830805616, 77.63312609800234, 76.92012312147273], "lo": [73.69473549738895, 74.40266643019389, 74.66975777455876, 74.81311009908985, 75.31257018527793, 76.01015622307098, 78.71979456551682, 78.90481287313978, 79.63490233860178, 80.08191945940074, 80.70627558466096, 80.89882305974287, 81.23789367786998, 81.30248155662758, 82.87558643459867, 82.23248476337454, 82.26043532840882, 81.98535135078721, 80.50569793501327, 79.50437295777176, 78.07039248533997, 76.93401027218026, 77.29906302563924, 73.27955312419404], "hi": [78.32070365198385, 79.10748296342152, 79.70834166985584, 80.11856420197083, 81.44411068970922, 82.61813280940898, 85.0410106063112, 85.73390348789584, 85.95414925768586, 86.2861838346096, 86.38657488122968, 86.21451319501284, 85.97160774932568, 88.4543786769048, 87.05352198918536, 86.43237492740569, 86.4774453948493, 85.58370852592888, 84.75554725895405, 83.53663476020637, 81.94802924235971, 80.34799944646517, 80.14063813678656, 78.64955508118742]}, "nbeats": {"actual": [76.54162328056742, 73.84100092750485, 76.2493213363488, 81.21933590689936, 84.09681141624401, 86.27353968689641, 90.22255500535418, 93.42965405663479, 96.05902423553623, 96.6018469246528, 95.39361642011941, 96.79528426967966, 95.9650219473537, 99.99311458607784, 91.91651158522282, 91.79086722342723, 87.28730049561003, 86.348957501956, 84.31024085884256, 84.4715445366666, 81.54115250529073, 79.86097369381558, 77.78105188442511, 78.79735311631312],