model,MAE,RMSE,sMAPE,MASE,coverage,PI_width,Winkler,NV_cost(3:1),CRPS,energy,QLoss,skill_vs_naive_%,DM_p_vs_naive,sig
tft,1.6270947602398855,2.0827540119779857,1.9721783134966382,0.7346422160181049,0.8645833333333334,6.625064849853516,9.403745670195173,3.8126979689506033,,,0.47278710915207023,32.32126045210606,1.8682388969182284e-10,***
prophet,1.7974730031858577,2.2312021549657293,2.1765034392501774,0.8115689279821003,0.9166666666666666,7.528286826417809,9.41530534745079,3.3490612730099087,,,,25.23440539563214,1.8791738127355018e-05,***
nbeats,1.8646681077749403,2.3205665057011213,2.249132010475445,0.8419078865647057,0.3229166666666667,1.9937039613723755,22.665075454423377,3.7379331252608465,1.7542911540749628,27.23829752108653,,22.43943604688472,3.007603160165573e-05,***
arima,1.875872869385392,2.3672724769831994,2.269011868576677,0.8469668979392143,0.9635416666666666,9.465948738988539,10.121285306640866,4.160758585817106,,,,21.973375826385823,6.355775512201234e-05,***
seasonal_naive,2.4041445971204087,2.9772127063166822,2.928802424901039,1.0854844829050392,0.8854166666666666,9.447737296891052,11.883127148196088,6.113742996651886,,,,0.0,,—
lightgbm,4.814546321938528,5.855170949582154,5.843895762866647,2.1737940933134556,0.22395833333333334,4.470194413634038,57.02092369942812,13.98348726793038,,,,-100.26026419979917,0.0,***
deepar,10.947496762118556,13.073343440444573,13.887293130812617,4.9428548832571275,0.25,8.303878784179688,155.94353208588834,32.62305227235242,10.444970488509123,159.11540535952895,,-355.3593313493308,0.0,***
