model,nominal,empirical,mean_width
seasonal_naive,0.9,0.8854166666666666,9.447737296891052
arima,0.9,0.9635416666666666,9.465948738988539
prophet,0.9,0.9166666666666666,7.528286826417809
lightgbm,0.9,0.22395833333333334,4.470194413634038
nbeats,0.9,0.3229166666666667,1.9937039613723755
deepar,0.9,0.25,8.303878784179688
tft,0.9,0.8645833333333334,6.625064849853516
