model,nominal,empirical,mean_width
seasonal_naive,0.9,0.8854166666666666,9.447737296891052
arima,0.9,0.9635416666666666,9.47146000585697
prophet,0.9,0.9114583333333334,7.528812798843565
lightgbm,0.9,0.5,6.301797061143865
nbeats,0.9,0.3645833333333333,1.967098593711853
deepar,0.9,0.7604166666666666,8.476005554199219
tft,0.9,0.84375,6.446346282958984
