model,nominal,empirical,mean_width
seasonal_naive,0.9,0.8854166666666666,9.447737296891052
arima,0.9,0.9635416666666666,9.45765097207029
prophet,0.9,0.9114583333333334,7.544362316296819
lightgbm,0.9,0.515625,7.788367461632146
nbeats,0.9,0.34375,1.9711619615554803
deepar,0.9,0.7239583333333334,8.405559157331782
tft,0.9,0.8489583333333334,6.501552581787109
