model,nominal,empirical,mean_width
seasonal_naive,0.9,0.8854166666666666,9.447737296891052
arima,0.9,0.9635416666666666,9.462274749241697
prophet,0.9,0.90625,7.544794160920408
lightgbm,0.9,0.203125,4.293695964714872
nbeats,0.9,0.3489583333333333,1.9595839798450472
deepar,0.9,0.7083333333333334,8.207668818036714
tft,0.9,0.84375,6.5885009765625
