level,n_series,MAE_base,MAE_recon,delta_%
TOP,1,10.81136185439545,10.692589371531888,1.0985894697001064
L1,3,6.650768722995381,6.439003346544014,3.1840736803728675
L2,9,4.081846639997547,3.768280526548014,7.681967038568638
BOTTOM,36,1.9806130524152252,1.9660416155181937,0.7357033661503309
