level,n_series,MAE_base,MAE_recon,delta_%
TOP,1,10.811361854395452,11.389862255510595,-5.350855968991075
L1,3,6.650768722995382,6.734798113092219,-1.263453799051839
L2,9,4.081846639997547,3.8759572956411827,5.044024494670585
BOTTOM,36,1.9806130524152252,1.9806130524152252,0.0
