{"alpha": 0.1, "series": {"seasonal_naive": {"actual": [76.54162328056742, 73.84100092750485, 76.2493213363488, 81.21933590689936, 84.09681141624401, 86.27353968689641, 90.22255500535418, 93.4296540566348, 96.05902423553623, 96.6018469246528, 95.39361642011941, 96.79528426967966, 95.9650219473537, 99.99311458607784, 91.91651158522282, 91.79086722342723, 87.28730049561003, 86.348957501956, 84.31024085884256, 84.4715445366666, 81.54115250529073, 79.86097369381558, 77.78105188442511, 78.79735311631312], "forecast": [74.28175680889821, 77.25530408508776, 78.95566255281081, 79.56382157463797, 81.1301107460054, 84.14414456725824, 88.12348476256828, 88.43593033707569, 88.94629742788986, 90.68530437340553, 90.93963684257658, 95.06324820462245, 90.46390781598963, 91.70570382180065, 90.82848348594015, 86.52326825595198, 87.0353761003686, 83.38259316478397, 84.86865481742686, 81.5668041647308, 81.52442262498816, 77.96102036543022, 78.52736511750894, 76.20198890359724], "lo": [69.58703126866689, 72.56057854485644, 74.26093701257949, 74.86909603440665, 76.43538520577408, 79.44941902702692, 83.42875922233696, 83.74120479684437, 84.25157188765854, 85.99057883317421, 86.24491130234526, 90.36852266439114, 85.76918227575831, 87.01097828156934, 86.13375794570884, 81.82854271572066, 82.34065056013728, 78.68786762455265, 80.17392927719554, 76.87207862449948, 76.82969708475684, 73.2662948251989, 73.83263957727762, 71.50726336336592], "hi": [78.97648234912953, 81.95002962531908, 83.65038809304212, 84.25854711486929, 85.82483628623672, 88.83887010748956, 92.8182103027996, 93.130655877307, 93.64102296812118, 95.38002991363685, 95.6343623828079, 99.75797374485377, 95.15863335622095, 96.40042936203197, 95.52320902617147, 91.2179937961833, 91.73010164059991, 88.07731870501529, 89.56338035765818, 86.26152970496211, 86.21914816521948, 82.65574590566153, 83.22209065774025, 80.89671444382856]}, "lightgbm": {"actual": [76.54162328056742, 73.84100092750485, 76.2493213363488, 81.21933590689936, 84.09681141624401, 86.27353968689641, 90.22255500535418, 93.4296540566348, 96.05902423553623, 96.6018469246528, 95.39361642011941, 96.79528426967966, 95.9650219473537, 99.99311458607784, 91.91651158522282, 91.79086722342723, 87.28730049561003, 86.348957501956, 84.31024085884256, 84.4715445366666, 81.54115250529073, 79.86097369381558, 77.78105188442511, 78.79735311631312], "forecast": [74.71862696052084, 75.4033501717012, 76.76648734220518, 77.35401452891831, 77.8976500211249, 78.69287438635158, 79.91403589650012, 80.86874376501302, 82.11044423198909, 82.93018870950624, 83.10497943135101, 83.35931809192309, 83.51189361865272, 85.88980337508262, 85.42947660915372, 85.63407735714144, 85.3527328414871, 84.72494429680646, 83.3352762724516, 81.66059996937388, 79.8085388037162, 78.99708382094249, 78.75961049850497, 77.84388525316417], "lo": [73.57449199079258, 74.18971806653649, 74.89957620409862, 75.16668619778561, 75.92524531577249, 77.29563540082975, 78.59519585096105, 79.3914415036062, 79.92419877334459, 81.30921193617179, 81.75020250779392, 82.34318309030964, 81.46840925828614, 82.2877617701885, 82.4805104722794, 82.01690386825904, 82.15979384610698, 81.80999709319782, 81.59125411457607, 80.66920635113227, 79.53506287841014, 77.42371819430373, 77.09380802847176, 76.11189567054983], "hi": [77.90411290672081, 78.71593297718431, 79.14674947613798, 80.2433950317509, 81.25960159940946, 82.62231568699816, 84.92293067823698, 85.48639294866756, 85.91271177709623, 86.00151675273656, 86.18933203693149, 86.20686603043698, 85.95146444955262, 89.00050234578643, 87.1041263810377, 86.76611922157556, 87.02773951783178, 85.95746177695847, 85.29587906175576, 84.1483710982689, 83.1841051006662, 80.21848973269455, 80.04030296375957, 79.09630803473539]}, "tft": {"actual": [76.54162328056742, 73.84100092750485, 76.2493213363488, 81.21933590689936, 84.09681141624401, 86.27353968689641, 90.22255500535418, 93.4296540566348, 96.05902423553623, 96.6018469246528, 95.39361642011941, 96.79528426967966, 95.9650219473537, 99.99311458607784, 91.91651158522282, 91.79086722342723, 87.28730049561003, 86.348957501956, 84.31024085884256, 84.4715445366666, 81.54115250529073, 79.86097369381558, 77.78105188442511, 78.79735311631312], "forecast": [76.29232025146484, 77.34500122070312, 79.08916473388672, 80.62973022460938, 82.24093627929688, 85.12824249267578, 86.96296691894531, 89.37480926513672, 91.25457000732422, 92.60955047607422, 93.23857116699219, 93.66254425048828, 93.80168914794922, 93.13590240478516, 91.93243408203125, 90.56590270996094, 88.45513916015625, 86.3736801147461, 85.21624755859375, 83.2341079711914, 81.24004364013672, 80.61051940917969, 79.14803314208984, 78.22769927978516], "lo": [74.28302764892578, 75.2103500366211, 75.92569732666016, 77.97049713134766, 79.44474029541016, 81.41785430908203, 82.3759536743164, 85.67752838134766, 87.93842315673828, 89.28623962402344, 89.47261047363281, 88.88653564453125, 89.7349624633789, 88.64080810546875, 87.59484100341797, 86.63019561767578, 84.17510986328125, 81.09717559814453, 81.3918685913086, 79.5912857055664, 77.4480209350586, 75.97345733642578, 75.58506774902344, 74.4875259399414], "hi": [78.2858657836914, 80.84917449951172, 81.21332550048828, 82.82185363769531, 85.86405181884766, 87.6054916381836, 89.68673706054688, 91.9786605834961, 93.75919342041016, 94.57475280761719, 96.25004577636719, 97.22437286376953, 96.02067565917969, 96.53216552734375, 94.857666015625, 94.16024017333984, 92.14993286132812, 89.71711730957031, 88.82723999023438, 85.51069641113281, 84.16587829589844, 82.60398864746094, 81.60130310058594, 81.45075988769531]}, "patchtst": {"actual": [76.54162328056742, 73.84100092750485, 76.2493213363488, 81.21933590689936, 84.09681141624401, 86.27353968689641, 90.22255500535418, 93.4296540566348, 96.05902423553623, 96.6018469246528, 95.39361642011941, 96.79528426967966, 95.9650219473537, 99.99311458607784, 91.91651158522282, 91.79086722342723, 87.28730049561003, 86.348957501956, 84.31024085884256, 84.4715445366666, 81.54115250529073, 79.86097369381558, 77.78105188442511, 78.79735311631312], "forecast": [78.2236328125, 79.93750762939453, 81.21768188476562, 83.10523986816406, 85.75468444824219, 87.78943634033203, 90.497314453125, 91.58485412597656, 93.92349243164062, 95.2139663696289, 95.44446563720703, 95.85838317871094, 95.00288391113281, 94.63653564453125, 92.80933380126953, 91.79277801513672, 89.42034912109375, 87.9660873413086, 85.78819274902344, 84.26223754882812, 82.98271179199219, 81.9338150024414, 81.07649993896484, 81.05621337890625], "lo": [75.16802978515625, 76.14054870605469, 77.98331451416016, 80.32296752929688, 82.81267547607422, 85.00186157226562, 87.21843719482422, 89.71011352539062, 90.89607238769531, 92.76153564453125, 92.8608627319336, 93.05818176269531, 92.58390808105469, 92.32186126708984, 88.8884048461914, 88.85067749023438, 87.27041625976562, 83.83839416503906, 82.08720397949219, 81.30816650390625, 80.13390350341797, 76.49791717529297, 76.5945053100586, 76.08154296875], "hi": [81.99995422363281, 81.274658203125, 83.99844360351562, 85.94268798828125, 88.90510559082031, 89.63459014892578, 93.59830474853516, 96.37112426757812, 97.96461486816406, 97.9852066040039, 99.18093872070312, 100.30554962158203, 98.37506866455078, 97.72885131835938, 96.19084167480469, 93.60734558105469, 94.34549713134766, 91.34522247314453, 88.87576293945312, 89.07726287841797, 85.8423843383789, 84.39129638671875, 84.49659729003906, 83.66206359863281]}, "conformal(tide)": {"actual": [76.54162328056742, 73.84100092750485, 76.2493213363488, 81.21933590689936, 84.09681141624401, 86.27353968689641, 90.22255500535418, 93.4296540566348, 96.05902423553623, 96.6018469246528, 95.39361642011941, 96.79528426967966, 95.9650219473537, 99.99311458607784, 91.91651158522282, 91.79086722342723, 87.28730049561003, 86.348957501956, 84.31024085884256, 84.4715445366666, 81.54115250529073, 79.86097369381558, 77.78105188442511, 78.79735311631312],