model,MAE,RMSE,sMAPE,MASE,coverage,PI_width,Winkler,NV_cost(3:1),QLoss,CRPS,energy,skill_vs_naive_%,DM_p_vs_naive,sig
patchtst,1.752902881426575,2.219690030066912,2.135658998515866,0.7914452733446725,0.8802083333333334,6.848812103271484,9.78010098360509,3.3907939641824623,0.5115535559713694,,,27.088292296306392,3.342452255417072e-06,***
chronos,1.7805059126499831,2.3195100368065695,2.154761457106429,0.80390819346605,0.9270833333333334,8.212160755197205,9.46808110423042,4.413841731315762,,2.0160068881749673,23.98257507010827,25.940148742192804,3.8374561306397936e-08,***
tft,1.804362562887313,2.3141051416599576,2.1988142318188224,0.814679602006839,0.796875,6.299463748931885,10.770486433922992,3.9917117236595216,0.5339462025497032,,,24.947835290418542,6.269083617116422e-06,***
seasonal_naive,2.404144597120409,2.9772127063166822,2.928802424901039,1.0854844829050396,0.8854166666666666,9.447737296891052,11.88312714819609,6.113742996651887,,,,0.0,,—
deepar,2.940316387838218,3.6777604901891716,3.600548855996846,1.327568989674181,0.6302083333333334,7.007933228214582,19.60616806781876,7.679190705539175,,2.785305018402377,38.214871639075746,-22.30197764976427,0.001464243936184717,***
lightgbm,4.594686121992423,5.6353195860555445,5.578516403362919,2.0745260061377726,0.22916666666666666,4.288911244395275,54.497209383988036,13.478583507090832,,,,-91.11521526183404,0.0,***
conformal(tide),5.489574000405104,6.5768100734366195,6.936644265930086,2.478572795636319,0.6197916666666666,13.135542869567871,29.503077496280184,16.361354095739983,,,,-128.33792971439,0.0,***
