model,nominal,empirical,mean_width
seasonal_naive,0.9,0.8854166666666666,9.447737296891052
lightgbm,0.9,0.22916666666666666,4.288911244395275
tft,0.9,0.796875,6.299463748931885
patchtst,0.9,0.8802083333333334,6.848812103271484
conformal(tide),0.9,0.6197916666666666,13.135542869567871
deepar,0.9,0.6302083333333334,7.007933228214582
chronos,0.9,0.9270833333333334,8.212160755197205
