{"alpha": 0.1, "series": {"seasonal_naive": {"actual": [76.54162328056742, 73.84100092750485, 76.2493213363488, 81.21933590689936, 84.09681141624401, 86.27353968689641, 90.22255500535418, 93.4296540566348, 96.05902423553623, 96.6018469246528, 95.39361642011941, 96.79528426967966, 95.9650219473537, 99.99311458607784, 91.91651158522282, 91.79086722342723, 87.28730049561003, 86.348957501956, 84.31024085884256, 84.4715445366666, 81.54115250529073, 79.86097369381558, 77.78105188442511, 78.79735311631312], "forecast": [74.28175680889821, 77.25530408508776, 78.95566255281081, 79.56382157463797, 81.1301107460054, 84.14414456725824, 88.12348476256828, 88.43593033707569, 88.94629742788986, 90.68530437340553, 90.93963684257658, 95.06324820462245, 90.46390781598963, 91.70570382180065, 90.82848348594015, 86.52326825595198, 87.0353761003686, 83.38259316478397, 84.86865481742686, 81.5668041647308, 81.52442262498816, 77.96102036543022, 78.52736511750894, 76.20198890359724], "lo": [69.58703126866689, 72.56057854485644, 74.26093701257949, 74.86909603440665, 76.43538520577408, 79.44941902702692, 83.42875922233696, 83.74120479684437, 84.25157188765854, 85.99057883317421, 86.24491130234526, 90.36852266439114, 85.76918227575831, 87.01097828156934, 86.13375794570884, 81.82854271572066, 82.34065056013728, 78.68786762455265, 80.17392927719554, 76.87207862449948, 76.82969708475684, 73.2662948251989, 73.83263957727762, 71.50726336336592], "hi": [78.97648234912953, 81.95002962531908, 83.65038809304212, 84.25854711486929, 85.82483628623672, 88.83887010748956, 92.8182103027996, 93.130655877307, 93.64102296812118, 95.38002991363685, 95.6343623828079, 99.75797374485377, 95.15863335622095, 96.40042936203197, 95.52320902617147, 91.2179937961833, 91.73010164059991, 88.07731870501529, 89.56338035765818, 86.26152970496211, 86.21914816521948, 82.65574590566153, 83.22209065774025, 80.89671444382856]}, "lightgbm": {"actual": [76.54162328056742, 73.84100092750485, 76.2493213363488, 81.21933590689936, 84.09681141624401, 86.27353968689641, 90.22255500535418, 93.4296540566348, 96.05902423553623, 96.6018469246528, 95.39361642011941, 96.79528426967966, 95.9650219473537, 99.99311458607784, 91.91651158522282, 91.79086722342723, 87.28730049561003, 86.348957501956, 84.31024085884256, 84.4715445366666, 81.54115250529073, 79.86097369381558, 77.78105188442511, 78.79735311631312], "forecast": [74.1058519269673, 73.85794955358196, 74.7612056065199, 75.52813796157281, 75.76708560393406, 76.42335351367387, 77.55364813580596, 79.05290518840114, 80.47356066329007, 81.1748592331886, 82.12847597172095, 82.7964320070004, 83.1885562312118, 85.52995393032441, 85.11632876352793, 84.97170458466414, 84.61619851891707, 83.08354257932261, 81.47675990512283, 79.83144531754331, 78.4178338769329, 76.75604703753321, 76.34686254585763, 75.14609016539778], "lo": [73.87329060451694, 74.28833943711871, 74.44277652796006, 74.86050687500448, 75.27184261038752, 75.5458660570295, 75.58298452746956, 76.90447095786642, 78.66483526624825, 79.31941538360653, 79.24984419061758, 79.85149888217313, 79.8090243016588, 79.64318839951866, 83.0280932484434, 81.50139054989354, 81.53432833140603, 81.41074810661055, 79.33735507731564, 78.4334194116466, 78.20430037561138, 76.30498215545305, 74.27243296255796, 73.40387609137744], "hi": [78.26542129958864, 78.54066349014067, 79.40534784674996, 79.86554335401941, 81.36796548089946, 82.4047181365197, 84.89055701985899, 85.49163857687225, 85.73975322361969, 85.62136650672333, 85.8297543075053, 86.17944812554016, 86.23243262593446, 88.16023761421198, 86.7947166750976, 85.96865096309517, 85.98056959727391, 85.09441028514834, 84.40261753255184, 83.54341821452599, 81.91467702878215, 80.00714540990953, 79.13428751942844, 77.80874704512809]}, "aci(arima)": {"actual": [76.54162328056742, 73.84100092750485, 76.2493213363488, 81.21933590689936, 84.09681141624401, 86.27353968689641, 90.22255500535418, 93.4296540566348, 96.05902423553623, 96.6018469246528, 95.39361642011941, 96.79528426967966, 95.9650219473537, 99.99311458607784, 91.91651158522282, 91.79086722342723, 87.28730049561003, 86.348957501956, 84.31024085884256, 84.4715445366666, 81.54115250529073, 79.86097369381558, 77.78105188442511, 78.79735311631312], "forecast": [76.03118671956453, 77.50391831568692, 79.05888412385515, 80.71818595736444, 82.9304078817854, 85.4664527446167, 87.69894193203388, 89.58783901805371, 91.605768984479, 92.50111110540176, 93.47163315026164, 94.17830278679044, 93.42801140761986, 92.39034798687244, 91.59273970815828, 89.33945050692694, 87.36391930487518, 85.31232224968738, 83.53535011179642, 81.04533668582296, 79.57587511490817, 77.89237831380471, 76.57976039379163, 76.57265352935845], "lo": [68.16204276271674, 69.72294647860987, 71.30791771829982, 72.9910154748494, 75.25980578624558, 77.85383990859675, 80.13762321090964, 82.05986490857208, 84.10994585102591, 85.03480826867141, 86.02940946882316, 86.76115342868339, 86.03074988385646, 85.00108862802301, 84.23710264524841, 82.02723007685805, 80.10371560109947, 78.0687248052482, 76.30237434393423, 73.8248402452269, 72.37024391223395, 70.69666570356303, 69.38435367885076, 69.37765246917132], "hi": [83.90033067641232, 85.28489015276396, 86.80985052941048, 88.44535643987948, 90.60100997732522, 93.07906558063665, 95.26026065315811, 97.11581312753535, 99.10159211793209, 99.96741394213211, 100.91385683170012, 101.5954521448975, 100.82527293138327, 99.77960734572187, 98.94837677106814, 96.65167093699583, 94.6241230086509, 92.55591969412657, 90.7683258796586, 88.26583312641903, 86.7815063175824, 85.0880909240464, 83.7751671087325, 83.76765458954557]}, "enbpi(prophet)": {"actual": [76.54162328056742, 73.84100092750485, 76.2493213363488, 81.21933590689936, 84.09681141624401, 86.27353968689641, 90.22255500535418, 93.4296540566348, 96.05902423553623, 96.6018469246528, 95.39361642011941, 96.79528426967966, 95.9650219473537, 99.99311458607784, 91.91651158522282, 91.79086722342723, 87.28730049561003, 86.348957501956, 84.31024085884256, 84.4715445366666, 81.54115250529073, 79.86097369381558, 77.78105188442511, 78.79735311631312], "forecast": [77.12246140677324, 78.20916076157285, 79.85279010937167, 81.99218709452273, 84.50845958381788, 87.22873156156645, 89.94946848710136, 92.46565028928283, 94.5920376197161, 96.17374850415602, 97.0935309663787, 97.28278147328662, 96.73419916537654, 95.50661721741054, 93.7153325416491, 91.51164342956098, 89.06273768937034, 86.54000185781389, 84.1136011982184, 81.94465077478284, 80.17050037491882, 78.88926314512216, 78.15512989108876, 77.98924077733332], "lo": [67.49630046678529, 68.58299982158489, 70.22662916938371, 72.36602615453478, 74.88229864382993, 77.6025706215785, 80.3233075471134, 82.83948934929488, 84.96587667972814, 86.54758756416807, 87.46737002639074, 87.65662053329866, 87.10803822538858, 85.88045627742258, 84.08917160166115, 81.88548248957302, 79.43657674938238, 76.91384091782594, 74.48744025823045, 72.31848983479489, 70.54433943493086, 69.2631022051342, 68.52896895110081, 68.36307983734537], "hi": [86.7486223467612, 87.8353217015608, 89.47895104935962, 91.61834803451069, 94.13462052380584, 96.8548925015544, 99.57562942708931, 102.09181122927079, 104.21819855970405, 105.79990944414398, 106.71969190636665, 106.90894241327457, 106.36036010536449, 105.13277815739849, 103.34149348163706, 101.13780436954893, 98.68889862935829, 96.16616279780185, 93.73976213820636, 91.5708117147708, 89.79666131490677, 88.51542408511011, 87.78129083107672, 87.61540171732128]}, "conformal(nbeats)": {"actual": [76.54162328056742, 73.84100092750485, 76.2493213363488, 81.21933590689936, 84.09681141624401, 86.27353968689641, 90.22255500535418, 93.4296540566348, 96.05902423553623, 96.6018469246528, 95.39361642011941, 96.79528426967966, 95.9650219473537, 99.99311458607784, 91.91651158522282, 91.79086722342723, 87.28730049561003, 86.348957501956, 84.31024085884256, 84.4715445366666, 81.54115250529073, 79.86097369381558, 77.78105188442511, 78.79735311631312],